Title,Brand,Rating,Reviews,Selling Price,Image URL,Product URL
,,,,899,,
,,4.5,477,608,https://m.media-amazon.com/images/I/61rtk-+RPbL._AC_UL320_.jpg,
,,3.8,912,2199,https://m.media-amazon.com/images/I/619s8Q+jcNL._AC_UL320_.jpg,
,,4.3,142,199,https://m.media-amazon.com/images/I/51i6bQTaMHL._AC_UL320_.jpg,
,,3.5,3,2199,https://m.media-amazon.com/images/I/61bIkFkmhDL._AC_UL320_.jpg,
,,4.4,251,199,https://m.media-amazon.com/images/I/71GxymZFGYL._AC_UL320_.jpg,
,,4.3,8856,560,https://m.media-amazon.com/images/I/61QFNvJ8ATL._AC_UL640_QL65_.jpg,
,,4.4,251,199,https://m.media-amazon.com/images/I/71GxymZFGYL._AC_UL320_.jpg,
,,4.2,1551,199,https://m.media-amazon.com/images/I/617Qg3fOvQL._AC_UL320_.jpg,
,,4.0,34203,899,https://m.media-amazon.com/images/I/612F8Cg4vQL._AC_UL320_.jpg,
,,3.8,60,199,https://m.media-amazon.com/images/I/51TZ+WLnPZL._AC_UL320_.jpg,
,,4.4,13125,225,https://m.media-amazon.com/images/I/81c5rU7uWgL._AC_UL320_.jpg,
,,4.3,11,399,https://m.media-amazon.com/images/I/51MceuI7nKL._AC_UL320_.jpg,
,,3.2,11,101,https://m.media-amazon.com/images/I/61G71RscmIL._AC_UL320_.jpg,
,,5.0,2,368,https://m.media-amazon.com/images/I/61y4gTcO00L._AC_UL320_.jpg,
,,4.2,1551,199,https://m.media-amazon.com/images/I/617Qg3fOvQL._AC_UL320_.jpg,
,,,,,,
